Command,SK,PK,Data,From,To
1,"-----BEGIN RSA PRIVATE KEY-----
MIICWgIBAAKBgQCfp0NQNsfnvWQ3DMRVNk9zS2Oku3cBgRBReD2t7YCqdpn2Dghh
hDpj0NUn5NlUhb85kXL8/+9+x77bHjRlSs/fVjVke7Rk5e4rEFvv1cB1vE1yXWcA
c0HV6L+ZHj0t3/DGncSgFjx8JiEFKU0U4/fASJtKmIC/15/q73wMVB0KrQIDAQAB
AoGAL8sfsIylrW8Z6AzvXV8Dy8z+yFrCVnXvj6QCOuYFhYI5ttoekirGXAkxNl8g
3Fepli8/kBOB+58KOIhDQStzLLxcP29TWuo1w2WLf5qjVzb8q5+NewBfwmFNfh64
MOBtFgyccIYLAyYYX7/pIlThjIw/6uyEWErcouKSCkAZ/DUCQQC+XtUAhaMIouwk
pI2DNu0yCXsrDFXO8CZyFE8T6nPJ/p5qFccai4/YL0fnq5VQZaWanxAPXVfLi2Iq
EKP/Gva7AkEA1rF9/RV9+nYxm3FgY7Jj7z/6U1BCdsUGZHEgTucEJDIJYpYUYxS9
/mFb26u5qyNUSq32Bmav995wLAIo+rjRtwI/X+1pZ9nvTWrLk6tXo8cJvy0H46lT
k/NvbAzPzDlYH3EuYkaXDclFsqogkZzkoJ6X1FJSxWtD0k1qKcg421O7AkAuGhUc
2JWhx+mlIHZ7Uh5FjO57H3v2Nx7FSMmQR+lKwHfldKbSE+0sh8mK5VhMWJzMIIj5
HOnihyB9QsV7+V4HAkAHQpyuBlc74LJB23fc/bjiaW2igc9GYTvO+21OYlz2Vea+
TLP0iUSXW7zXxDAeV0KmFoRA318Z01f/y0K8bZ+k
-----END RSA PRIVATE KEY-----","-----BEGIN PUBLIC KEY-----
MIGfMA0GCSqGSIb3DQEBAQUAA4GNADCBiQKBgQCfp0NQNsfnvWQ3DMRVNk9zS2Ok
u3cBgRBReD2t7YCqdpn2DghhhDpj0NUn5NlUhb85kXL8/+9+x77bHjRlSs/fVjVk
e7Rk5e4rEFvv1cB1vE1yXWcAc0HV6L+ZHj0t3/DGncSgFjx8JiEFKU0U4/fASJtK
mIC/15/q73wMVB0KrQIDAQAB
-----END PUBLIC KEY-----",600160405360016040f3,,
3,"-----BEGIN RSA PRIVATE KEY-----
MIICWgIBAAKBgQCfp0NQNsfnvWQ3DMRVNk9zS2Oku3cBgRBReD2t7YCqdpn2Dghh
hDpj0NUn5NlUhb85kXL8/+9+x77bHjRlSs/fVjVke7Rk5e4rEFvv1cB1vE1yXWcA
c0HV6L+ZHj0t3/DGncSgFjx8JiEFKU0U4/fASJtKmIC/15/q73wMVB0KrQIDAQAB
AoGAL8sfsIylrW8Z6AzvXV8Dy8z+yFrCVnXvj6QCOuYFhYI5ttoekirGXAkxNl8g
3Fepli8/kBOB+58KOIhDQStzLLxcP29TWuo1w2WLf5qjVzb8q5+NewBfwmFNfh64
MOBtFgyccIYLAyYYX7/pIlThjIw/6uyEWErcouKSCkAZ/DUCQQC+XtUAhaMIouwk
pI2DNu0yCXsrDFXO8CZyFE8T6nPJ/p5qFccai4/YL0fnq5VQZaWanxAPXVfLi2Iq
EKP/Gva7AkEA1rF9/RV9+nYxm3FgY7Jj7z/6U1BCdsUGZHEgTucEJDIJYpYUYxS9
/mFb26u5qyNUSq32Bmav995wLAIo+rjRtwI/X+1pZ9nvTWrLk6tXo8cJvy0H46lT
k/NvbAzPzDlYH3EuYkaXDclFsqogkZzkoJ6X1FJSxWtD0k1qKcg421O7AkAuGhUc
2JWhx+mlIHZ7Uh5FjO57H3v2Nx7FSMmQR+lKwHfldKbSE+0sh8mK5VhMWJzMIIj5
HOnihyB9QsV7+V4HAkAHQpyuBlc74LJB23fc/bjiaW2igc9GYTvO+21OYlz2Vea+
TLP0iUSXW7zXxDAeV0KmFoRA318Z01f/y0K8bZ+k
-----END RSA PRIVATE KEY-----","-----BEGIN PUBLIC KEY-----
MIGfMA0GCSqGSIb3DQEBAQUAA4GNADCBiQKBgQCfp0NQNsfnvWQ3DMRVNk9zS2Ok
u3cBgRBReD2t7YCqdpn2DghhhDpj0NUn5NlUhb85kXL8/+9+x77bHjRlSs/fVjVk
e7Rk5e4rEFvv1cB1vE1yXWcAc0HV6L+ZHj0t3/DGncSgFjx8JiEFKU0U4/fASJtK
mIC/15/q73wMVB0KrQIDAQAB
-----END PUBLIC KEY-----",608060405234801561001057600080fd5b5060c28061001f6000396000f3fe6080604052600436106039576000357c010000000000000000000000000000000000000000000000000000000090048063afe29f7114603e575b600080fd5b348015604957600080fd5b50607360048036036020811015605e57600080fd5b81019080803590602001909291905050506089565b6040518082815260200191505060405180910390f35b6000600a8201905091905056fea165627a7a72305820dc67706ef6c603b42a02e6499606840d2de52dbae7f1f6b54d2c43b1e1e03f620029,0000000000000000000000000000000000000001,
4,"-----BEGIN RSA PRIVATE KEY-----
MIICWgIBAAKBgQCfp0NQNsfnvWQ3DMRVNk9zS2Oku3cBgRBReD2t7YCqdpn2Dghh
hDpj0NUn5NlUhb85kXL8/+9+x77bHjRlSs/fVjVke7Rk5e4rEFvv1cB1vE1yXWcA
c0HV6L+ZHj0t3/DGncSgFjx8JiEFKU0U4/fASJtKmIC/15/q73wMVB0KrQIDAQAB
AoGAL8sfsIylrW8Z6AzvXV8Dy8z+yFrCVnXvj6QCOuYFhYI5ttoekirGXAkxNl8g
3Fepli8/kBOB+58KOIhDQStzLLxcP29TWuo1w2WLf5qjVzb8q5+NewBfwmFNfh64
MOBtFgyccIYLAyYYX7/pIlThjIw/6uyEWErcouKSCkAZ/DUCQQC+XtUAhaMIouwk
pI2DNu0yCXsrDFXO8CZyFE8T6nPJ/p5qFccai4/YL0fnq5VQZaWanxAPXVfLi2Iq
EKP/Gva7AkEA1rF9/RV9+nYxm3FgY7Jj7z/6U1BCdsUGZHEgTucEJDIJYpYUYxS9
/mFb26u5qyNUSq32Bmav995wLAIo+rjRtwI/X+1pZ9nvTWrLk6tXo8cJvy0H46lT
k/NvbAzPzDlYH3EuYkaXDclFsqogkZzkoJ6X1FJSxWtD0k1qKcg421O7AkAuGhUc
2JWhx+mlIHZ7Uh5FjO57H3v2Nx7FSMmQR+lKwHfldKbSE+0sh8mK5VhMWJzMIIj5
HOnihyB9QsV7+V4HAkAHQpyuBlc74LJB23fc/bjiaW2igc9GYTvO+21OYlz2Vea+
TLP0iUSXW7zXxDAeV0KmFoRA318Z01f/y0K8bZ+k
-----END RSA PRIVATE KEY-----","-----BEGIN PUBLIC KEY-----
MIGfMA0GCSqGSIb3DQEBAQUAA4GNADCBiQKBgQCfp0NQNsfnvWQ3DMRVNk9zS2Ok
u3cBgRBReD2t7YCqdpn2DghhhDpj0NUn5NlUhb85kXL8/+9+x77bHjRlSs/fVjVk
e7Rk5e4rEFvv1cB1vE1yXWcAc0HV6L+ZHj0t3/DGncSgFjx8JiEFKU0U4/fASJtK
mIC/15/q73wMVB0KrQIDAQAB
-----END PUBLIC KEY-----",afe29f710000000000000000000000000000000000000000000000000000000000000002,0000000000000000000000000000000000000001,522B3294E6d06aA25Ad0f1B8891242E335D3B459
4,"-----BEGIN RSA PRIVATE KEY-----
MIICWgIBAAKBgQCfp0NQNsfnvWQ3DMRVNk9zS2Oku3cBgRBReD2t7YCqdpn2Dghh
hDpj0NUn5NlUhb85kXL8/+9+x77bHjRlSs/fVjVke7Rk5e4rEFvv1cB1vE1yXWcA
c0HV6L+ZHj0t3/DGncSgFjx8JiEFKU0U4/fASJtKmIC/15/q73wMVB0KrQIDAQAB
AoGAL8sfsIylrW8Z6AzvXV8Dy8z+yFrCVnXvj6QCOuYFhYI5ttoekirGXAkxNl8g
3Fepli8/kBOB+58KOIhDQStzLLxcP29TWuo1w2WLf5qjVzb8q5+NewBfwmFNfh64
MOBtFgyccIYLAyYYX7/pIlThjIw/6uyEWErcouKSCkAZ/DUCQQC+XtUAhaMIouwk
pI2DNu0yCXsrDFXO8CZyFE8T6nPJ/p5qFccai4/YL0fnq5VQZaWanxAPXVfLi2Iq
EKP/Gva7AkEA1rF9/RV9+nYxm3FgY7Jj7z/6U1BCdsUGZHEgTucEJDIJYpYUYxS9
/mFb26u5qyNUSq32Bmav995wLAIo+rjRtwI/X+1pZ9nvTWrLk6tXo8cJvy0H46lT
k/NvbAzPzDlYH3EuYkaXDclFsqogkZzkoJ6X1FJSxWtD0k1qKcg421O7AkAuGhUc
2JWhx+mlIHZ7Uh5FjO57H3v2Nx7FSMmQR+lKwHfldKbSE+0sh8mK5VhMWJzMIIj5
HOnihyB9QsV7+V4HAkAHQpyuBlc74LJB23fc/bjiaW2igc9GYTvO+21OYlz2Vea+
TLP0iUSXW7zXxDAeV0KmFoRA318Z01f/y0K8bZ+k
-----END RSA PRIVATE KEY-----","-----BEGIN PUBLIC KEY-----
MIGfMA0GCSqGSIb3DQEBAQUAA4GNADCBiQKBgQCfp0NQNsfnvWQ3DMRVNk9zS2Ok
u3cBgRBReD2t7YCqdpn2DghhhDpj0NUn5NlUhb85kXL8/+9+x77bHjRlSs/fVjVk
e7Rk5e4rEFvv1cB1vE1yXWcAc0HV6L+ZHj0t3/DGncSgFjx8JiEFKU0U4/fASJtK
mIC/15/q73wMVB0KrQIDAQAB
-----END PUBLIC KEY-----",afe29f710000000000000000000000000000000000000000000000000000000000000064,0000000000000000000000000000000000000001,522B3294E6d06aA25Ad0f1B8891242E335D3B459
